id;fen;expected_san;expected_uci;got_uci;depth;score;time_ms;status;pv
WAC.001;2rr3k/pp3pp1/1nnqbN1p/3pN3/2pP4/2P3Q1/PPB4P/R4RK1 w - -;Qg6;g3g6;g3g6;3;32000;9;OK;g3g6 f7g6 e5g6
WAC.002;8/7p/5k2/5p2/p1p2P2/Pr1pPK2/1P1R3P/8 b - -;Rxb2;b3b2;b3b8;15;119;5008;FAIL;b3b8 e3e4 f5e4 f3e4 h7h5
WAC.003;5rk1/1ppb3p/p1pb4/6q1/3P1p1r/2P1R2P/PP1BQ1P1/5RKN w - -;Rg3;e3g3;e3g3;13;310;5008;OK;e3g3 d7g4 g3g4 h4g4 h3g4 g5d5 h1f2 f4f3 g2f3 f8f3 e2e8 f3f8 e8d7
WAC.004;r1bq2rk/pp3pbp/2p1p1pQ/7P/3P4/2PB1N2/PP3PPR/2KR4 w - -;Qxh7+;h6h7;h6h7;3;32000;8;OK;h6h7 h8h7 h5g6
WAC.005;5k2/6pp/p1qN4/1p1p4/3P4/2PKP2Q/PP3r2/3R4 b - -;Qc4+;c6c4;c6c4;3;32000;10;OK;c6c4 d6c4 b5c4
WAC.006;7k/p7/1R5K/6r1/6p1/6P1/8/8 w - -;Rb7;b6b7;b6b7;21;1007;5014;OK;b6b7 h8g8
WAC.007;rnbqkb1r/pppp1ppp/8/4P3/6n1/7P/PPPNPPP1/R1BQKBNR b KQkq -;Ne3;g4e3;g4e3;13;600;5007;OK;g4e3 g1f3 e3d1 e1d1 b8c6 e2e4 d7d6 f1b5 f8e7 f3d4
WAC.008;r4q1k/p2bR1rp/2p2Q1N/5p2/5p2/2P5/PP3PPP/R5K1 w - -;Rf7;e7f7;h6f7;15;1162;5013;FAIL;h6f7 h8g8 f7h6 g8h8
WAC.009;3q1rk1/p4pp1/2pb3p/3p4/6Pr/1PNQ4/P1PB1PP1/4RRK1 b - -;Bh2+;d6h2;d6h2;10;32000;773;OK;d6h2 g1h1
WAC.010;2br2k1/2q3rn/p2NppQ1/2p1P3/Pp5R/4P3/1P3PPP/3R2K1 w - -;Rxh7;h4h7;h4h7;13;305;5016;OK;h4h7 f6e5 h7g7 c7g7 g6g7 g8g7 d6f5 e6f5 d1d8 c8e6 d8a8 b4b3 a8a6
WAC.011;r1b1kb1r/3q1ppp/pBp1pn2/8/Np3P2/5B2/PPP3PP/R2Q1RK1 w kq -;Bxc6;f3c6;f3c6;13;415;5016;OK;f3c6 f6d5 c6d7 c8d7 c2c3 d5b6 a4b6 f8c5 g1h1 c5b6 d1d6 b6e3 c3b4
WAC.012;4k1r1/2p3r1/1pR1p3/3pP2p/3P2qP/P4N2/1PQ4P/5R1K b - -;Qxf3+;g4f3;g4f3;3;32000;7;OK;g4f3 f1f3 g7g1
WAC.013;5rk1/pp4p1/2n1p2p/2Npq3/2p5/6P1/P3P1BP/R4Q1K w - -;Qxf8+;f1f8;f1f8;13;188;5006;OK;f1f8 g8f8 c5d7 f8e7 d7e5 c6e5 a1c1 b7b6 g2f1 e7d6 h1g2
WAC.014;r2rb1k1/pp1q1p1p/2n1p1p1/2bp4/5P2/PP1BPR1Q/1BPN2PP/R5K1 w - -;Qxh7+;h3h7;h3h7;7;32000;20;OK;h3h7 g8f8
WAC.015;1R6/1brk2p1/4p2p/p1P1Pp2/P7/6P1/1P4P1/2R3K1 w - -;Rxb7;b8b7;b8b7;16;615;5008;OK;b8b7 c7b7 c5c6 d7c7 c6b7 c7b7 g1f2 h6h5 c1d1 b7c6 d1d6 c6c5 d6e6 c5b4 e6g6 b4b3
WAC.016;r4rk1/ppp2ppp/2n5/2bqp3/8/P2PB3/1PP1NPPP/R2Q1RK1 w - -;Nc3;e2c3;e2c3;12;321;5008;OK;e2c3 d5d7 e3c5 f8e8 c3e4 b7b6 c5e3 a8d8 h2h3 c6d4
WAC.017;1k5r/pppbn1pp/4q1r1/1P3p2/2NPp3/1QP5/P4PPP/R1B1R1K1 w - -;Ne5;c4e5;c4e5;11;158;5007;OK;c4e5 e6b3 e5d7 b8c8 a2b3 c8d7 a1a7 g6b6 c3c4 c7c6 a7a5
WAC.018;R7/P4k2/8/8/8/8/r7/6K1 w - -;Rh8;a8h8;a8h8;16;522;5004;OK;a8h8 a2a1 g1f2 a1a2 f2e3 a2a3 e3e4 a3a4 e4e3 a4a3
WAC.019;r1b2rk1/ppbn1ppp/4p3/1QP4q/3P4/N4N2/5PPP/R1B2RK1 w - -;c6;c5c6;c5c6;12;116;5004;OK;c5c6 h5b5 a3b5 c7b6 c6d7 c8d7 b5d6 d7c6 f1d1 c6f3 g2f3 a8d8
WAC.020;r2qkb1r/1ppb1ppp/p7/4p3/P1Q1P3/2P5/5PPP/R1B2KNR b kq -;Bb5;d7b5;d7b5;13;909;5005;OK;d7b5 c4b5 a6b5 f1e2 d8h4 e2f3 f8c5 c1e3 c5e3 g2g3 h4h6 f2e3
WAC.021;5rk1/1b3p1p/pp3p2/3n1N2/1P6/P1qB1PP1/3Q3P/4R1K1 w - -;Qh6;d2h6;d2h6;14;573;5005;OK;d2h6 c3e1 d3f1 e1e3 f5e3 d5e3 f1d3 f8d8 d3h7 g8h8 h7f5 h8g8 f5h7
WAC.022;r1bqk2r/ppp1nppp/4p3/n5N1/2BPp3/P1P5/2P2PPP/R1BQK2R w KQkq -;Ba2,Nxf7;c4a2,g5f7;c4a2;10;38;5005;OK;c4a2 e8g8 g5e4 a5c6 e1g1 e6e5 c1g5 h7h6 g5e3 c8f5
WAC.023;r3nrk1/2p2p1p/p1p1b1p1/2NpPq2/3R4/P1N1Q3/1PP2PPP/4R1K1 w - -;g4;g2g4;g2g4;12;467;5004;OK;g2g4 f5c2 e1e2 c2e2 c3e2 e8g7 e3h6 a8b8 b2b4 f8e8 e2c3
WAC.024;6k1/1b1nqpbp/pp4p1/5P2/1PN5/4Q3/P5PP/1B2B1K1 b - -;Bd4;g7d4;g7d4;14;762;5004;OK;g7d4 g1f2 d4e3 c4e3 e7h4 f2f1 h4f4 e1f2 f4h2 f5g6
WAC.025;3R1rk1/8/5Qpp/2p5/2P1p1q1/P3P3/1P2PK2/8 b - -;Qh4+;g4h4;g4h4;18;1134;5002;OK;g4h4 f2g2 h4f6 d8f8 g8f8
WAC.026;3r2k1/1p1b1pp1/pq5p/8/3NR3/2PQ3P/PP3PP1/6K1 b - -;Bf5;d7f5;d7f5;12;139;5002;OK;d7f5 b2b4 b6c7 f2f3 f5e4 f3e4 c7f4 g2g3 f4c1 g1g2 d8c8 d4e2
WAC.027;7k/pp4np/2p3p1/3pN1q1/3P4/Q7/1r3rPP/2R2RK1 w - -;Qf8+;a3f8;a3f8;3;32000;3;OK;a3f8 f2f8 f1f8
WAC.028;1r1r2k1/4pp1p/2p1b1p1/p3R3/RqBP4/4P3/1PQ2PPP/6K1 b - -;Qe1+;b4e1;b4e1;14;413;5002;OK;b4e1 c4f1
WAC.029;r2q2k1/pp1rbppp/4pn2/2P5/1P3B2/6P1/P3QPBP/1R3RK1 w - -;c6;c5c6;c5c6;11;156;5004;OK;c5c6 b7c6 g2c6 d7d4 c6a8 d8a8 b4b5 f6e4 b1c1 e7c5 f4e5
WAC.030;1r3r2/4q1kp/b1pp2p1/5p2/pPn1N3/6P1/P3PPBP/2QRR1K1 w - -;Nxd6;e4d6;e4d6;11;119;5004;OK;e4d6 c4d6 c1c6 a6b7 c6d6 e7d6 d1d6 b7g2 g1g2 b8b4 d6d7 f8f7
WAC.031;rb3qk1/pQ3ppp/4p3/3P4/8/1P3N2/1P3PPP/3R2K1 w - -;Qxa8,d6,dxe6;b7a8,d5d6,d5e6;d5e6;12;345;5002;OK;d5e6 f7e6 f3g5 b8h2 g1h2 f8b8 b7b8 a8b8 d1d7 g7g6 g5e6 b8b3
WAC.032;6k1/p4p1p/1p3np1/2q5/4p3/4P1N1/PP3PPP/3Q2K1 w - -;Qd8+;d1d8;d1d8;14;74;5002;OK;d1d8 g8g7 d8f6 g7f6 g3e4 f6e5 e4c5 b6c5 g1f1 g6g5 f1e2 h7h5 e2d3
WAC.033;8/p1q2pkp/2Pr2p1/8/P3Q3/6P1/5P1P/2R3K1 w - -;Qe5+,Qf4;e4e5,e4f4;e4e5;15;522;5004;OK;e4e5 g7f8 e5d6 c7d6 c6c7 f8g7 c7c8q d6d2 c8c7 d2b2 c1d1 b2e2 c7c3 g7h6 d1d7
WAC.034;7k/1b1r2p1/p6p/1p2qN2/3bP3/3Q4/P5PP/1B1R3K b - -;Bg1;d4g1;d4g1;13;292;5004;OK;d4g1 h1g1 d7d3 b1d3 b7e4 d3e4 e5e4 f5d4 e4e3 g1h1 g7g6
WAC.035;r3r2k/2R3pp/pp1q1p2/8/3P3R/7P/PP3PP1/3Q2K1 w - -;Rxh7+;h4h7;h4h7;7;32000;18;OK;h4h7 h8g8
WAC.036;3r4/2p1rk2/1pQq1pp1/7p/1P1P4/P4P2/6PP/R1R3K1 b - -;Re1+;e7e1;e7e1;14;409;5002;OK;e7e1 c1e1 d6c6
WAC.037;2r5/2rk2pp/1pn1pb2/pN1p4/P2P4/1N2B3/nPR1KPPP/3R4 b - -;Nxd4+;c6d4;c6d4;13;65;5002;OK;c6d4 b3d4 c7c2 d4c2 c8c2 d1d2 c2b2 d2b2 f6b2 e3b6 a2c3 e2e3 d7c6
WAC.038;4k3/p4prp/1p6/2b5/8/2Q3P1/P2R1PKP/4q3 w - -;Rd8+;d2d8;d2d8;14;212;4559;OK;d2d8 e8d8 c3e1 g7g6 e1e4 g6f6 e4a8 d8d7 a8a7 d7c8 a7a8 c8c7
WAC.039;r1br2k1/pp2bppp/2nppn2/8/2P1PB2/2N2P2/PqN1B1PP/R2Q1R1K w - -;Na4;c3a4;c3a4;12;372;5008;OK;c3a4 b2a1 d1a1 e6e5 f4g3 c8e6 a1d1 f6h5
WAC.040;3r1r1k/1p4pp/p4p2/8/1PQR4/6Pq/P3PP2/2R3K1 b - -;Rc8;d8c8;d8c8;13;407;5008;OK;d8c8 c4c7 c8c7 c1c7 b7b5 d4d7 f8g8 a2a3 g8e8 e2e3 h3g4 d7d6
WAC.041;1k6/5RP1/1P6/1K6/6r1/8/8/8 w - -;Ka5,Kc5;b5a5,b5c5;b5a6;18;1266;5007;FAIL;b5a6 g4a4 a6b5
WAC.042;r1b1r1k1/pp1n1pbp/1qp3p1/3p4/1B1P4/Q3PN2/PP2BPPP/R4RK1 w - -;Ba5;b4a5;b4a5;12;382;5005;OK;b4a5 g7f8 a3c3 f8b4 a5b4 a7a5 b4d6 d7f6 d6c5 b6c7 a1d1 c8e6
WAC.043;r2q3k/p2P3p/1p3p2/3QP1r1/8/B7/P5PP/2R3K1 w - -;Be7,Qxa8;a3e7,d5a8;d5a8;14;1005;5002;OK;d5a8 d8a8 c1c8 g5g8 c8a8
WAC.044;3rb1k1/pq3pbp/4n1p1/3p4/2N5/2P2QB1/PP3PPP/1B1R2K1 b - -;dxc4;d5c4;d5c4;11;201;5002;OK;d5c4 d1d8 e6d8 f3b7 d8b7 g3f4 b7c5 f4e3 c5a4 e3a7 a4b2
WAC.045;7k/2p1b1pp/8/1p2P3/1P3r2/2P3Q1/1P5P/R4qBK b - -;Qxa1;f1a1;f1a1;14;530;4952;OK;f1a1 g3g2 a1e1 g2d5 e7f8
WAC.046;r1bqr1k1/pp1nb1p1/4p2p/3p1p2/3P4/P1N1PNP1/1PQ2PP1/3RKB1R w K -;Nb5;c3b5;c3b5;11;163;5002;OK;c3b5 a8b8 b5c7 e8f8 c7e6 d8a5 f3d2 f8f6 e6f4 e7d6 f1d3
WAC.047;r1b2rk1/pp2bppp/2n1pn2/q5B1/2BP4/2N2N2/PP2QPPP/2R2RK1 b - -;Nxd4;c6d4;c6d4;11;59;5002;OK;c6d4 f3d4 a5g5 c1d1 c8d7 d4f3 g5h6 c3e4 a8d8 e4d6 h6f4
WAC.048;1rbq1rk1/p1p1bppp/2p2n2/8/Q1BP4/2N5/PP3PPP/R1B2RK1 b - -;Rb4;b8b4;b8b4;11;260;5002;OK;b8b4 c4f7 f8f7 a4c6 c8b7 c6e6 b7c8 e6c6
WAC.049;2b3k1/4rrpp/p2p4/2pP2RQ/1pP1Pp1N/1P3P1P/1q6/6RK w - -;Qxh7+;h5h7;h5h7;12;32000;304;OK;h5h7 g8h7
WAC.050;k4r2/1R4pb/1pQp1n1p/3P4/5p1P/3P2P1/r1q1R2K/8 w - -;Rxb6+;b7b6;b7b6;5;32000;2;OK;b7b6 c2c6
WAC.051;r1bq1r2/pp4k1/4p2p/3pPp1Q/3N1R1P/2PB4/6P1/6K1 w - -;Rg4+;f4g4;f4g4;15;1356;5001;OK;f4g4 d8g5 h4g5 f8f7 h5h6 g7g8 g4h4 f7g7 d4e6 c8e6 h6e6 g7f7 g5g6 a8f8 g6f7 f8f7
WAC.052;r1k5/1p3q2/1Qpb4/3N1p2/5Pp1/3P2Pp/PPPK3P/4R3 w - -;Re7;e1e7;e1e7;14;313;4900;OK;e1e7 f7e7 d5e7 d6e7 b6b3 a8a5 b3e6 c8d8 d3d4 a5d5 d2e3 d5a5 e3d3 a5d5
WAC.053;6k1/6p1/p7/3Pn3/5p2/4rBqP/P4RP1/5QK1 b - -;Re1;e3e1;e3e1;14;405;5002;OK;e3e1 d5d6 e1f1 f2f1 e5f3 f1f3 g3e1 f3f1 e1d2 d6d7 d2d7 f1f4
WAC.054;r3kr2/1pp4p/1p1p4/7q/4P1n1/2PP2Q1/PP4P1/R1BB2K1 b q -;Qh1+;h5h1;h5h1;3;32000;6;OK;h5h1 g1h1 f8f1
WAC.055;r3r1k1/pp1q1pp1/4b1p1/3p2B1/3Q1R2/8/PPP3PP/4R1K1 w - -;Qxg7+;d4g7;f4f3;9;-155;5005;FAIL;f4f3 a7a6 f3f2 a8c8 e1d1
WAC.056;r1bqk2r/pppp1ppp/5n2/2b1n3/4P3/1BP3Q1/PP3PPP/RNB1K1NR b KQkq -;Bxf2+;c5f2;c5f2;13;540;5005;OK;c5f2 e1f2 f6e4 f2e2 e4g3 h2g3 d7d5 g1f3 e5f3 e2f3
WAC.057;r3q1kr/ppp5/3p2pQ/8/3PP1b1/5R2/PPP3P1/5RK1 w - -;Rf8+;f3f8;f3f8;1;32000;2;OK;f3f8 e8f8
WAC.058;8/8/2R5/1p2qp1k/1P2r3/2PQ2P1/5K2/8 w - -;Qd1+;d3d1;d3d1;14;581;5002;OK;d3d1 h5g5 d1d2 e4f4 g3f4 e5f4 d2f4 g5f4 c6e6 f4g4 e6g6 g4h5
WAC.059;r1b2rk1/2p1qnbp/p1pp2p1/5p2/2PQP3/1PN2N1P/PB3PP1/3R1RK1 w - -;Nd5;c3d5;c3d5;14;528;5003;OK;c3d5 g7d4 d5e7 g8g7 f3d4 g7h6 b2c1 h6g7 c1b2
WAC.060;rn1qr1k1/1p2np2/2p3p1/8/1pPb4/7Q/PB1P1PP1/2KR1B1R w - -;Qh8+;h3h8;h3h8;3;32000;2;OK;h3h8 d4h8 h1h8
WAC.061;3qrbk1/ppp1r2n/3pP2p/3P4/2P4P/1P3Q2/PB6/R4R1K w - -;Qf7+;f3f7;f3f7;3;32000;7;OK;f3f7 e7f7 e6f7
WAC.062;6r1/3Pn1qk/p1p1P1rp/2Q2p2/2P5/1P4P1/P3R2P/5RK1 b - -;Rxg3+;g6g3;g6g3;13;-17;5002;OK;g6g3 g1h1 g3d3 f1g1 g7f6 g1g8 h7g8 c5a5 d3d1 e2e1 d1e1 a5e1 f6d4
WAC.063;r1brnbk1/ppq2pp1/4p2p/4N3/3P4/P1PB1Q2/3B1PPP/R3R1K1 w - -;Nxf7;e5f7;e5f7;11;221;5003;OK;e5f7 d8d7 f7e5 d7d8 e5f7
WAC.064;8/6pp/3q1p2/3n1k2/1P6/3NQ2P/5PP1/6K1 w - -;g4+;g2g4;g2g4;5;32000;9;OK;g2g4 f5g6
WAC.065;1r1r1qk1/p2n1p1p/bp1Pn1pQ/2pNp3/2P2P1N/1P5B/P6P/3R1RK1 w - -;Ne7+;d5e7;d5e7;15;1091;4617;OK;d5e7 f8e7 d6e7 d7f8 d1d8 b8d8 e7d8r e6d8 f4e5 f8e6 h4f3 d8c6 h3e6 f7e6
WAC.066;1k1r2r1/ppq5/1bp4p/3pQ3/8/2P2N2/PP4P1/R4R1K b - -;Qxe5;c7e5;c7e5;15;385;4572;OK;c7e5 f3e5 g8g5 e5c6 b7c6 f1f3 d8g8 a1f1 g5g2 f3f8 b8b7 f1f7 b6c7 f8g8 g2g8
WAC.067;3r2k1/p2q4/1p4p1/3rRp1p/5P1P/6PK/P3R3/3Q4 w - -;Rxd5;e5d5;e5d5;14;411;5002;OK;e5d5 d7d5 e2e8 g8f7 e8d8 d5d1 d8d1 f7e7 h3g2 b6b5 d1b1
WAC.068;6k1/5ppp/1q6/2b5/8/2R1pPP1/1P2Q2P/7K w - -;Qxe3;e2e3;e2e3;13;536;5007;OK;e2e3 b6b2 c3c5 b2a1 h1g2 g7g6 e3e8 g8g7
WAC.069;2k5/pppr4/4R3/4Q3/2pp2q1/8/PPP2PPP/6K1 w - -;f3,h3;f2f3,h2h3;f2f3;15;528;5007;OK;f2f3 g4e6 e5e6 d4d3 e6g8 d7d8 g8g4 d8d7 g4g8
WAC.070;2kr3r/pppq1ppp/3p1n2/bQ2p3/1n1PP3/1PN1BN1P/1PP2PP1/2KR3R b - -;Na2+;b4a2;b4a2;14;660;4615;OK;b4a2 c3a2 d7b5 d4e5 d6e5 b3b4 a5b6 a2c3 b6e3 f2e3
WAC.071;2kr3r/pp1q1ppp/5n2/1Nb5/2Pp1B2/7Q/P4PPP/1R3RK1 w - -;Nxa7+;b5a7;h3f3;10;-62;5007;FAIL;h3f3 d7c6 f3h3 c6d7
WAC.072;r3r1k1/pp1n1ppp/2p5/4Pb2/2B2P2/B1P5/P5PP/R2R2K1 w - -;e6;e5e6;e5e6;12;222;5006;OK;e5e6 f5e6 c4e6 d7f6 e6b3 a8d8 a3c5 f6e4 c5d4 c6c5 d4e5
WAC.073;r1q3rk/1ppbb1p1/4Np1p/p3pP2/P3P3/2N4R/1PP1Q1PP/3R2K1 w - -;Qd2;e2d2;e2d2;12;368;5001;OK;e2d2 g8d8 e6d8 e7c5 g1h1 c5d4 d8e6 d7e6 f5e6 c8e6 c3b5 c7c5
WAC.074;5r1k/pp4pp/2p5/2b1P3/4Pq2/1PB1p3/P3Q1PP/3N2K1 b - -;Qf1+;f4f1;f4f1;13;554;5003;OK;f4f1 e2f1 e3e2 d1f2 e2f1q g1f1 f8f2 f1e1 f2g2 e5e6 g2a2 b3b4 c5d6
WAC.075;r3r1k1/pppq1ppp/8/8/1Q4n1/7P/PPP2PP1/RNB1R1K1 b - -;Qd6;d7d6;d7d6;13;454;5002;OK;d7d6 h3g4 d6b4 e1f1 b4g4 c1e3 g4e4 b1a3 a7a6 a1c1 a8d8 f1e1 c7c6
WAC.076;r1b1qrk1/2p2ppp/pb1pnn2/1p2pNB1/3PP3/1BP5/PP2QPPP/RN1R2K1 w - -;Bxf6;g5f6;g5f6;11;351;5001;OK;g5f6 e6d4 f5d4 e5d4 f6d4 c8b7 d4b6 c7b6 b1d2 a8d8 a1c1
WAC.077;3r2k1/ppp2ppp/6q1/b4n2/3nQB2/2p5/P4PPP/RN3RK1 b - -;Ng3;f5g3;f5g3;12;919;5003;OK;f5g3 e4d4 g3e2 g1h1 d8d4 f4e3 d4d8 b1a3 c3c2 a3b5 a7a6 b5a3
WAC.078;r2q3r/ppp2k2/4nbp1/5Q1p/2P1NB2/8/PP3P1P/3RR1K1 w - -;Ng5+;e4g5;e4g5;11;320;5002;OK;e4g5 e6g5 d1d7 d8d7 f5d7 f7f8 f4g5 f6g5 d7c7 b7b6 c7e5
WAC.079;r3k2r/pbp2pp1/3b1n2/1p6/3P3p/1B2N1Pq/PP1PQP1P/R1B2RK1 b kq -;Qxh2+;h3h2;h3h2;5;32000;8;OK;h3h2 g1h2
WAC.080;r4rk1/p1B1bpp1/1p2pn1p/8/2PP4/3B1P2/qP2QP1P/3R1RK1 w - -;Ra1;d1a1;d1a1;13;508;5002;OK;d1a1 a2b3 d3c2 b3b4 a1a4 b4a4 c2a4 a8c8 c7e5 f8d8 a4b3 f6d7 e5f4
WAC.081;r4rk1/1bR1bppp/4pn2/1p2N3/1P6/P3P3/4BPPP/3R2K1 b - -;Bd6;e7d6;e7d6;11;53;5003;OK;e7d6 d1d6 f6e8 c7b7 e8d6
WAC.082;3rr1k1/pp3pp1/4b3/8/2P1B2R/6QP/P3q1P1/5R1K w - -;Bh7+;e4h7;e4h7;14;740;5001;OK;e4h7 g8f8 g3a3 e8e7 h7d3 e2f1 d3f1 f7f6 h4h8 e6g8 h8g8 f8g8 a3e7 d8d2
WAC.083;3rr1k1/ppqbRppp/2p5/8/3Q1n2/2P3N1/PPB2PPP/3R2K1 w - -;Qxd7;d4d7;d4d7;12;387;5004;OK;d4d7 c7b8 e7e8 d8e8 g3f5 b8e5 h2h4 f4e2 g1h1 e8b8 c2b3 b8f8
WAC.084;r2q1r1k/2p1b1pp/p1n5/1p1Q1bN1/4n3/1BP1B3/PP3PPP/R4RK1 w - -;Qg8+;d5g8;d5g8;3;32000;3;OK;d5g8 f8g8 g5f7
WAC.085;kr2R3/p4r2/2pq4/2N2p1p/3P2p1/Q5P1/5P1P/5BK1 w - -;Na6;c5a6;c5a6;14;864;5005;OK;c5a6 d6d8
WAC.086;8/p7/1ppk1n2/5ppp/P1PP4/2P1K1P1/5N1P/8 b - -;Ng4+;f6g4;f6g4;14;78;5005;OK;f6g4 e3e2 g4h2 f2d3 h2g4 c4c5 d6e6 c3c4 h5h4 g3h4 g5h4 d3f4 e6f6 d4d5
WAC.087;8/p3k1p1/4r3/2ppNpp1/PP1P4/2P3KP/5P2/8 b - -;Rxe5;e6e5;e6e5;15;316;5002;OK;e6e5 d4e5 d5d4 c3c4 c5b4 c4c5 d4d3 c5c6 d3d2 c6c7 f5f4
WAC.088;r6k/p1Q4p/2p1b1rq/4p3/B3P3/4P3/PPP3P1/4RRK1 b - -;Rxg2+;g6g2;g6g2;8;32000;43;OK;g6g2 g1g2
WAC.089;1r3b1k/p4rpp/4pp2/3q4/2ppbPPQ/6RK/PP5P/2B1NR2 b - -;g5;g7g5;g7g5;12;741;5001;OK;g7g5 f4g5 f6g5 f1f7 g5h4 h3h4 e4g6 f7a7 d5h1 c1f4 h1h2 h4g5
WAC.090;3qrrk1/1pp2pp1/1p2bn1p/5N2/2P5/P1P3B1/1P4PP/2Q1RRK1 w - -;Nxg7;f5g7;f5g7;12;218;5002;OK;f5g7 g8g7 f1f6 d8f6 g3e5 f6e5 e1e5 e6c4 c1f4 b6b5
WAC.091;2qr2k1/4b1p1/2p2p1p/1pP1p3/p2nP3/PbQNB1PP/1P3PK1/4RB2 b - -;Be6;b3e6;b3e6;11;123;5004;OK;b3e6 d3f4 e5f4 e3d4 e6h3 g2g1 h3f1 e1f1 c8g4 e4e5 f4g3
WAC.092;r4rk1/1p2ppbp/p2pbnp1/q7/3BPPP1/2N2B2/PPP4P/R2Q1RK1 b - -;Bxg4;e6g4;e6g4;11;96;5002;OK;e6g4 f3g4 f6g4 c3d5 g7d4 d1d4 a8e8 b2b4 a5d8 a1d1 e7e5
WAC.093;r1b1k1nr/pp3pQp/4pq2/3pn3/8/P1P5/2P2PPP/R1B1KBNR w KQkq -;Bh6;c1h6;c1h6;13;177;5003;OK;c1h6 e5g6 g7f6 g8f6 h6g7 e8e7 g7h8 g6h8 g1f3 h8g6
WAC.094;8/k7/p7/3Qp2P/n1P5/3KP3/1q6/8 b - -;e4+;e5e4;e5e4;16;868;5003;OK;e5e4 d3e4 a4c3 e4f5 b2f2 f5g6 c3d5 c4d5 f2g2 g6f6 g2f3 f6g6 f3e4
WAC.095;2r5/1r6/4pNpk/3pP1qp/8/2P1QP2/5PK1/R7 w - -;Ng4+;f6g4;f6g4;16;824;5004;OK;f6g4 h5g4 a1h1 h6g7 e3g5 g4f3 g2g3 c8f8 g5h4 g7f7 h4h7
WAC.096;r1b4k/ppp2Bb1/6Pp/3pP3/1qnP1p1Q/8/PPP3P1/1K1R3R w - -;Qd8+;h4d8;h4d8;13;191;4801;OK;h4d8 b4f8 d8c7 c8f5 f7d5 f5g6 c7c4 a8c8 c4e2 g6c2 e2c2 c8c2 b1c2
WAC.097;6k1/5p2/p5np/4B3/3P4/1PP1q3/P3r1QP/6RK w - -;Qa8+;g2a8;g2a8;5;32000;5;OK;g2a8 g8h7
WAC.098;1r3rk1/5pb1/p2p2p1/Q1n1q2p/1NP1P3/3p1P1B/PP1R3P/1K2R3 b - -;Nxe4;c5e4;c5e4;12;641;5002;OK;c5e4 a5e5 e4d2 b1c1 d6e5 c1d2 b8b4 d2c3 a6a5 c3d3 b4b2 e1e2
WAC.099;r1bq1r1k/1pp1Np1p/p2p2pQ/4R3/n7/8/PPPP1PPP/R1B3K1 w - -;Rh5;e5h5;e5h5;3;32000;3;OK;e5h5 g6h5 h6f6
WAC.100;8/k1b5/P4p2/1Pp2p1p/K1P2P1P/8/3B4/8 w - -;b6+;b5b6;d2e3;21;263;5001;FAIL;d2e3 c7d6 a4a5 d6c7 a5a4
WAC.101;5rk1/p5pp/8/8/2Pbp3/1P4P1/7P/4RN1K b - -;Bc3;d4c3;d4c3;12;70;5002;OK;d4c3 e1d1 c3a5 d1a1 a5b6 a1e1 b6a5 e1b1
WAC.102;2Q2n2/2R4p/1p1qpp1k/8/3P3P/3B2P1/5PK1/r7 w - -;Qxf8+;c8f8;c8f8;5;32000;2;OK;c8f8 h6h5
WAC.103;6k1/2pb1r1p/3p1PpQ/p1nPp3/1q2P3/2N2P2/PrB5/2K3RR w - -;Qxg6+;h6g6;h6g6;7;32000;12;OK;h6g6 g8f8
WAC.104;b4r1k/pq2rp2/1p1bpn1p/3PN2n/2P2P2/P2B3K/1B2Q2N/3R2R1 w - -;Qxh5;e2h5;e2h5;7;32000;20;OK;e2h5 f6d7
WAC.105;r2r2k1/pb3ppp/1p1bp3/7q/3n2nP/PP1B2P1/1B1N1P2/RQ2NRK1 b - -;Qxh4;h5h4;h5h4;10;771;5001;OK;h5h4 e1f3 d4f3 d2f3 b7f3 d3h7 h4h7 b1h7 g8h7 b2d4
WAC.106;4rrk1/pppb4/7p/3P2pq/3Qn3/P5P1/1PP4P/R3RNNK b - -;Nf2+;e4f2;e4f2;13;943;5003;OK;e4f2 d4f2 f8f2 g3g4 h5g4 e1e8 d7e8
WAC.107;5n2/pRrk2p1/P4p1p/4p3/3N4/5P2/6PP/6K1 w - -;Nb5;d4b5;d4b5;15;301;5002;OK;d4b5 f8e6 h2h4 d7c6 b5c7 e6c7
WAC.108;r5k1/1q4pp/2p5/p1Q5/2P5/5R2/4RKPP/r7 w - -;Qe5;c5e5;c5e5;13;308;5002;OK;c5e5 b7a7 c4c5 h7h6 e5a1 a7c5 f3e3 a8f8 f2g1 f8e8 a1a2 g8h7 a2b3
WAC.109;rn2k1nr/pbp2ppp/3q4/1p2N3/2p5/QP6/PB1PPPPP/R3KB1R b KQkq -;c3;c4c3;c4c3;12;87;5003;OK;c4c3 a3d6 c7d6 b2c3 d6e5 c3e5 g8f6 e5f6 g7f6 a2a4 h8g8 h1g1
WAC.110;2kr4/bp3p2/p2p2b1/P7/2q5/1N4B1/1PPQ2P1/2KR4 b - -;Be3;a7e3;a7e3;14;842;5003;OK;a7e3 b3a1 e3d2 d1d2 c4f1 d2d1 f1g2 g3h4 d8e8 d1e1 g6e4 c2c4 g2h3
WAC.111;6k1/p5p1/5p2/2P2Q2/3pN2p/3PbK1P/7P/6q1 b - -;Qf1+;g1f1;g1f1;18;865;5002;OK;g1f1 f3g4 f1e2 g4h4 g7g5 h4g3 e3f4 f5f4 g5f4 g3f4 e2f1 f4g4 f6f5 g4g5 f5e4 d3e4 f1h3 c5c6
WAC.112;r4kr1/ppp5/4bq1b/7B/2PR1Q1p/2N3P1/PP3P1P/2K1R3 w - -;Rxe6;e1e6;e1e6;13;279;5005;OK;e1e6 h6f4 d4f4 f6f4 g3f4 g8g1 c3d1 c7c6 e6f6 f8g8 h5f7 g8g7
WAC.113;rnbqkb1r/1p3ppp/5N2/1p2p1B1/2P5/8/PP2PPPP/R2QKB1R b KQkq -;Qxf6;d8f6;d8f6;14;134;5003;OK;d8f6 g5f6 f8b4 d1d2 b4d2 e1d2 g7f6 c4b5 c8e6 d2c2 e6a2 a1d1 b8d7 d1d6
WAC.114;r1b1rnk1/1p4pp/p1p2p2/3pN2n/3P1PPq/2NBPR1P/PPQ5/2R3K1 w - -;Bxh7+;d3h7;d3h7;12;290;5002;OK;d3h7 f8h7 e5g6 h4g3 f3g3 h5g3 g1g2 g3e4 c3e4 e8e4 c2b3 h7f8
WAC.115;4N2k/5rpp/1Q6/p3q3/8/P5P1/1P3P1P/5K2 w - -;Nd6;e8d6;e8d6;15;176;4823;OK;e8d6 h8g8 b6b8 f7f8
WAC.116;r2r2k1/2p2ppp/p7/1p2P1n1/P6q/5P2/1PB1QP1P/R5RK b - -;Rd2;d8d2;d8d2;12;169;5003;OK;d8d2 e2e3 d2f2 g1g2 f2g2 h1g2 b5a4 f3f4 h4g4 g2h1 g5f3 a1a4
WAC.117;3r1rk1/q4ppp/p1Rnp3/8/1p6/1N3P2/PP3QPP/3R2K1 b - -;Ne4;d6e4;d6e4;14;794;5002;OK;d6e4 f2d4 e6e5 c6a6 a7a6 d4d8 a6a7 d8d4 e5d4 f3e4 d4d3 g1f1 a7a2 b3c5
WAC.118;r5k1/pb2rpp1/1p6/2p4q/5R2/2PB2Q1/P1P3PP/5R1K w - -;Rh4;f4h4;f4h4;12;517;5004;OK;f4h4 e7e3 h4h5 e3g3 h2g3 g7g6 h5e5 b7c6 e5e7 c6d5 c3c4 g8f8
WAC.119;r2qr1k1/p1p2ppp/2p5/2b5/4nPQ1/3B4/PPP3PP/R1B2R1K b - -;Qxd3;d8d3;d8d3;13;422;5002;OK;d8d3 g4g7 g8g7 c2d3 e4f2 h1g1 f2d3 g1h1 d3f2 h1g1 f2e4 g1h1
WAC.120;r4rk1/1bn2qnp/3p1B1Q/p2P1pP1/1pp5/5N1P/PPB2P2/2KR3R w - -;g6;g5g6;h1g1;12;375;4875;FAIL;h1g1 f8d8 g5g6 f7f6 g6h7 g8f7 g1g7 f6g7 f3g5 g7g5 h6g5 c7d5
WAC.121;6k1/5p1p/2bP2pb/4p3/2P5/1p1pNPPP/1P1Q1BK1/1q6 b - -;Bxf3+;c6f3;c6f3;15;1214;5004;OK;c6f3 g2f3 b1h1 e3g2 h6d2 d6d7 d2g5 d7d8q g5d8
WAC.122;1k6/ppp4p/1n2pq2/1N2Rb2/2P2Q2/8/P4KPP/3r1B2 b - -;Rxf1+;d1f1;d1f1;14;1052;5003;OK;d1f1 f2f1 f5d3 f1e1 f6f4 e5e6 f4c1 e1f2 c1f4 f2e1 f4f7
WAC.123;6k1/1b2rp2/1p4p1/3P4/PQ4P1/2N2q2/5P2/3R2K1 b - -;Bxd5,Rc7;b7d5,e7c7;e7c7;12;267;5002;OK;e7c7 b4e4 f3c3 d1d4 c3c1 g1g2 c1g5 g2g3 c7c3 g3g2 g8g7 d4d1
WAC.124;6k1/3r4/2R5/P5P1/1P4p1/8/4rB2/6K1 b - -;g3;g4g3;g4g3;14;263;5002;OK;g4g3 c6g6 g8h7 g6h6 h7g7 h6f6 g3f2 f6f2 d7d1 g1g2 e2e5 a5a6 e5g5 g2f3
WAC.125;r1bqr1k1/pp3ppp/1bp5/3n4/3B4/2N2P1P/PPP1B1P1/R2Q1RK1 b - -;Bxd4+;b6d4;b6d4;11;322;5002;OK;b6d4 d1d4 d5c3 b2c3 d8d4 c3d4 e8e2 f1e1 e2e1 a1e1 c8e6
WAC.126;r5r1/pQ5p/1qp2R2/2k1p3/4P3/2PP4/P1P3PP/6K1 w - -;Rxc6+;f6c6;f6c6;16;461;5003;OK;f6c6 c5b5 c6b6 a7b6 b7d5 b5a6 d5c4 a6b7 c4d5 b7a6
WAC.127;2k4r/1pr1n3/p1p1q2p/5pp1/3P1P2/P1P1P3/1R2Q1PP/1RB3K1 w - -;Rxb7;b2b7;b2b7;12;301;5002;OK;b2b7 c8d7 e2a6 h8e8 f4g5 h6g5 a6a5 e6d6 b7b8 e8b8 b1b8 e7d5
WAC.128;6rk/1pp2Qrp/3p1B2/1pb1p2R/3n1q2/3P4/PPP3PP/R6K w - -;Qg6;f7g6;f7g6;12;265;5003;OK;f7g6 f4f6 g6f6 d4c2 a1f1 c5e3 f1f3 b5b4 f3g3 e3f4 g3g6 c2e3
WAC.129;3r1r1k/1b2b1p1/1p5p/2p1Pp2/q1B2P2/4P2P/1BR1Q2K/6R1 b - -;Bf3;b7f3;b7f3;12;205;5003;OK;b7f3 c4b5 a4e4 e2c4 e4e3 b2c1 e3e4 c4e4 f3e4 c2d2 h8g8 e5e6
WAC.130;6k1/1pp3q1/5r2/1PPp4/3P1pP1/3Qn2P/3B4/4R1K1 b - -;Qh6,Qh8;g7h6,g7h8;g7h6;12;20;5002;OK;g7h6 e1e3 f4e3 d3e3 h6e3 d2e3 f6f3 e3g5 f3h3 b5b6 c7b6 c5b6
WAC.131;2rq1bk1/p4p1p/1p4p1/3b4/3B1Q2/8/P4PpP/3RR1K1 w - -;Re8;e1e8;e1e8;13;487;5002;OK;e1e8 g6g5 f4g3 h7h6 e8d8 c8d8 d4f6 d8d6 g3e5 d6f6 e5f6 d5e4 d1d7
WAC.132;4r1k1/5bpp/2p5/3pr3/8/1B3pPq/PPR2P2/2R2QK1 b - -;Re1;e5e1;e5e1;5;32000;8;OK;e5e1 c2c5
WAC.133;r1b1k2r/1pp1q2p/p1n3p1/3QPp2/8/1BP3B1/P5PP/3R1RK1 w kq -;Bh4;g3h4;g3h4;13;377;5001;OK;g3h4 c8e6 d5e6 e7e6 b3e6 c6d8 e6d5 c7c6 d5c4 b7b5 c4b3 d8f7 e5e6
WAC.134;3r2k1/p6p/2Q3p1/4q3/2P1p3/P3Pb2/1P3P1P/2K2BR1 b - -;Rd1+;d8d1;d8d1;7;32000;18;OK;d8d1 c1c2
WAC.135;3r1r1k/N2qn1pp/1p2np2/2p5/2Q1P2N/3P4/PP4PP/3R1RK1 b - -;Nd4;e6d4;e6d4;11;170;5003;OK;e6d4 c4a6 d8a8 a6b6 a8a7 e4e5 a7a2 e5f6 g7f6 f1f6 f8d8
WAC.136;6kr/1q2r1p1/1p2N1Q1/5p2/1P1p4/6R1/7P/2R3K1 w - -;Rc8+;c1c8;c1c8;5;32000;6;OK;c1c8 b7c8
WAC.137;3b1rk1/1bq3pp/5pn1/1p2rN2/2p1p3/2P1B2Q/1PB2PPP/R2R2K1 w - -;Rd7;d1d7;d1d7;12;262;5002;OK;d1d7 c7d7 f5h6 g7h6 h3d7 e5e7 d7b5 g6e5 e3h6 b7c6 b5b8 f8e8
WAC.138;r1bq3r/ppppR1p1/5n1k/3P4/6pP/3Q4/PP1N1PP1/5K1R w - -;h5;h4h5;h4h5;10;32000;115;OK;h4h5 f6h5
WAC.139;rnb3kr/ppp2ppp/1b6/3q4/3pN3/Q4N2/PPP2KPP/R1B1R3 w - -;Nf6+;e4f6;e4f6;8;32000;278;OK;e4f6 g7f6
WAC.140;r2b1rk1/pq4p1/4ppQP/3pB1p1/3P4/2R5/PP3PP1/5RK1 w - -;Rc7;c3c7;c3c7;13;1009;5004;OK;c3c7 b7c7 e5c7 f8f7 c7d8 a8d8 h6h7 g8h8 g6f7 h8h7 f7e6 h7g6 f1d1
WAC.141;4r1k1/p1qr1p2/2pb1Bp1/1p5p/3P1n1R/1B3P2/PP3PK1/2Q4R w - -;Qxf4;c1f4;c1f4;12;269;5004;OK;c1f4 g8f8 h4h5
WAC.142;r2q3n/ppp2pk1/3p4/5Pr1/2NP1Qp1/2P2pP1/PP3K2/4R2R w - -;Re8,f6+;e1e8,f5f6;f5f6;12;384;5002;OK;f5f6 d8f6 h1h7 g7h7 f4f6 g5h5 f2g1 a8g8 e1e7 h5h3 g1f2 g8c8
WAC.143;5b2/pp2r1pk/2pp1pRp/4rP1N/2P1P3/1P4QP/P3q1P1/5R1K w - -;Rxh6+;g6h6;g6h6;5;32000;8;OK;g6h6 g7h6
WAC.144;r2q1rk1/pp3ppp/2p2b2/8/B2pPPb1/7P/PPP1N1P1/R2Q1RK1 b - -;d3;d4d3;d4d3;12;221;5002;OK;d4d3 c2d3 g4e2 d1e2 d8d4 e2f2 d4a4 e4e5 f6e7 b2b3 a4b5 a1d1
WAC.145;r1bq4/1p4kp/3p1n2/p4pB1/2pQ4/8/1P4PP/4RRK1 w - -;Re8;e1e8;e1e8;12;906;5003;OK;e1e8 d8e8 d4f6 g7g8
WAC.146;8/8/2Kp4/3P1B2/2P2k2/5p2/8/8 w - -;Bc8;f5c8;f5c8;17;497;5003;OK;f5c8 f3f2
WAC.147;r2r2k1/ppqbppbp/2n2np1/2pp4/6P1/1P1PPNNP/PBP2PB1/R2QK2R b KQ -;Nxg4;f6g4;f6g4;11;213;5002;OK;f6g4 h3g4 g7b2 a1b1 b2c3 f3d2 c6e5 h1h4 d5d4 e3d4 c5d4
WAC.148;2r1k3/6pr/p1nBP3/1p3p1p/2q5/2P5/P1R4P/K2Q2R1 w - -;Rxg7;g1g7;g1g7;14;1236;4592;OK;g1g7 c4e6 g7h7
WAC.149;6k1/6p1/2p4p/4Pp2/4b1qP/2Br4/1P2RQPK/8 b - -;Bxg2;e4g2;e4g2;13;201;5001;OK;e4g2 e2e3
WAC.150;r3r1k1/5p2/pQ1b2pB/1p6/4p3/6P1/Pq2BP1P/2R3K1 b - -;Ba3,Bf8,e3;d6a3,d6f8,e4e3;e4e3;11;521;5002;OK;e4e3 h6e3 b2e2 b6d6 e8e3 d6c6 e3e8 c6f6 e8e6 f6g5 e2a2
WAC.151;8/3b2kp/4p1p1/pr1n4/N1N4P/1P4P1/1K3P2/3R4 w - -;Nc3;a4c3;a4c3;13;79;4556;OK;a4c3 b5c5 c3e4 c5b5 e4c3
WAC.152;1br2rk1/1pqb1ppp/p3pn2/8/1P6/P1N1PN1P/1B3PP1/1QRR2K1 w - -;Ne4;c3e4;c3d5;11;202;5003;FAIL;c3d5 f6d5 c1c7 b8c7 e3e4 d5b6 b1a1 f7f6 b2d4 d7c6
WAC.153;2r3k1/q4ppp/p3p3/pnNp4/2rP4/2P2P2/4R1PP/2R1Q1K1 b - -;Nxd4;b5d4;b5d4;12;251;5002;OK;b5d4 c3d4 c8c5 c1d1 c5c8 e1d2 a7c7 d2g5 a5a4 h2h3 c4c2 e2e5
WAC.154;r1b2rk1/2p2ppp/p7/1p6/3P3q/1BP3bP/PP3QP1/RNB1R1K1 w - -;Qxf7+;f2f7;f2f7;3;32000;3;OK;f2f7 f8f7 e1e8
WAC.155;5bk1/1rQ4p/5pp1/2pP4/3n1PP1/7P/1q3BB1/4R1K1 w - -;d6;d5d6;d5d6;13;274;5002;OK;d5d6 b7c7 d6c7 d4e2 g1f1 e2g3 f1g1 g3e2
WAC.156;r1b1qN1k/1pp3p1/p2p3n/4p1B1/8/1BP4Q/PP3KPP/8 w - -;Qxh6+;h3h6;h3h6;3;32000;2;OK;h3h6 g7h6 g5f6
WAC.157;5rk1/p4ppp/2p1b3/3Nq3/4P1n1/1p1B2QP/1PPr2P1/1K2R2R w - -;Ne7+;d5e7;e1e3;11;-170;5001;FAIL;e1e3 e5g3 e3g3 g4f2 d5e7 g8h8 h1c1 e6d7 e7f5 g7g6 f5e7
WAC.158;5rk1/n1p1R1bp/p2p4/1qpP1QB1/7P/2P3P1/PP3P2/6K1 w - -;Rxg7+;e7g7;e7g7;5;32000;5;OK;e7g7 g8g7
WAC.159;r1b2r2/5P1p/ppn3pk/2p1p1Nq/1bP1PQ2/3P4/PB4BP/1R3RK1 w - -;Ne6+;g5e6;g5e6;14;758;5002;OK;g5e6 g6g5 f4f6 h5g6 e6f8 g6f6 f1f6 h6g7 f6c6 g7f8 b1f1 c8g4 b2e5 g4e2
WAC.160;qn1kr2r/1pRbb3/pP5p/P2pP1pP/3N1pQ1/3B4/3B1PP1/R5K1 w - -;Qxd7+;g4d7;g4d7;3;32000;4;OK;g4d7 b8d7 d4e6
WAC.161;3r3k/3r1P1p/pp1Nn3/2pp4/7Q/6R1/Pq4PP/5RK1 w - -;Qxd8+;h4d8;h4d8;7;32000;18;OK;h4d8 e6f8
WAC.162;r3kbnr/p4ppp/2p1p3/8/Q1B3b1/2N1B3/PP3PqP/R3K2R w KQkq -;Bd5;c4d5;c4d5;12;80;5003;OK;c4d5 e6d5 a4c6 e8d8 c6a8 d8d7 a8a7 d7e6 a7a6 e6e5 f2f4 e5f5
WAC.163;5rk1/2p4p/2p4r/3P4/4p1b1/1Q2NqPp/PP3P1K/R4R2 b - -;Qg2+;f3g2;c6d5;11;33;5002;FAIL;c6d5 b3d5 g4e6 d5c5 f8c8 a1d1 h6g6 a2a3 h7h6 c5c6 g6f6
WAC.164;8/6pp/4p3/1p1n4/1NbkN1P1/P4P1P/1PR3K1/r7 w - -;Rxc4+;c2c4;c2c4;14;248;5003;OK;c2c4 d4c4 e4d2 c4c5 d2b3 c5c4 b3a1 d5b4 a3b4 c4b4 a1c2 b4c5 c2e3
WAC.165;1r5k/p1p3pp/8/8/4p3/P1P1R3/1P1Q1qr1/2KR4 w - -;Re2;e3e2;e3e2;12;323;5002;OK;e3e2 e4e3
WAC.166;r3r1k1/5pp1/p1p4p/2Pp4/8/q1NQP1BP/5PP1/4K2R b K -;d4;d5d4;d5d4;13;241;5002;OK;d5d4 d3d4 a3a1 d4d1 a1c3 d1d2 c3a1 d2d1 a1c3
WAC.167;7Q/ppp2q2/3p2k1/P2Ppr1N/1PP5/7R/5rP1/6K1 b - -;Rxg2+;f2g2;f2g2;10;32000;158;OK;f2g2 g1h1
WAC.168;r3k2r/pb1q1p2/8/2p1pP2/4p1p1/B1P1Q1P1/P1P3K1/R4R2 b kq -;Qd2+;d7d2;d7d2;15;2824;5004;OK;d7d2 f1f2 d2e3 a3c5 e3c5
WAC.169;5rk1/1pp3bp/3p2p1/2PPp3/1P2P3/2Q1B3/4q1PP/R5K1 b - -;Bh6;g7h6;g7h6;14;418;5004;OK;g7h6 g1h1 h6e3 c3e1 e2e1 a1e1 d6c5 b4c5 e3c5 e1c1 f8f2 h2h4 b7b6 h1h2
WAC.170;5r1k/6Rp/1p2p3/p2pBp2/1qnP4/4P3/Q4PPP/6K1 w - -;Qxc4;a2c4;a2c4;16;416;5002;OK;a2c4 b4e1 c4f1 e1f1 g1f1 h7h5 g7e7 h8g8 e7g7 g8h8 g7e7
WAC.171;2rq4/1b2b1kp/p3p1p1/1p1nNp2/7P/1B2B1Q1/PP3PP1/3R2K1 w - -;Bh6+;e3h6;e3h6;13;298;4713;OK;e3h6 g7h6 e5f7 h6g7 f7d8 c8d8 g3e5 g7f7 d1e1 b7c8 b3d5 d8d5 e5h8
WAC.172;5r1k/p5pp/8/1P1pq3/P1p2nR1/Q7/5BPP/6K1 b - -;Qe1+;e5e1;e5e1;5;32000;4;OK;e5e1 f2e1
WAC.173;2r1b3/1pp1qrk1/p1n1P1p1/7R/2B1p3/4Q1P1/PP3PP1/3R2K1 w - -;Qh6+;e3h6;e3h6;5;32000;9;OK;e3h6 g7g8
WAC.174;2r2rk1/6p1/p3pq1p/1p1b1p2/3P1n2/PP3N2/3N1PPP/1Q2RR1K b - -;Nxg2;f4g2;f4g2;12;268;5001;OK;f4g2 h1g2 f6g5 g2h1 g5d2 e1e3 d2d4 h2h3 d4h4 h1g2 h4g5 g2h2
WAC.175;r5k1/pppb3p/2np1n2/8/3PqNpP/3Q2P1/PPP5/R4RK1 w - -;Nh5;f4h5;f4h5;13;151;5002;OK;f4h5 e4d4 d3d4 c6d4 h5f6 g8f7 f6d7 d4f3
WAC.176;r1bq3r/ppp2pk1/3p1pp1/8/2BbPQ2/2NP2P1/PPP4P/R4R1K b - -;Rxh2+;h8h2;c7c6;10;87;5002;FAIL;c7c6 f4d2 d4e5 d2f2 b7b5 c4b3 h8h3 h1g1 b5b4 c3a4
WAC.177;r1b3r1/4qk2/1nn1p1p1/3pPp1P/p4P2/1p3BQN/PKPBN3/3R3R b - -;Qa3+;e7a3;e7a3;5;32000;5;OK;e7a3 b2b1
WAC.178;3r2k1/p1rn1p1p/1p2pp2/6q1/3PQNP1/5P2/P1P4R/R5K1 w - -;Nxe6;f4e6;f4e6;12;91;5002;OK;f4e6 f6f5 e6g5 f5e4 g5e4 g8g7 a1c1 d7f6 e4f6
WAC.179;r1b2r1k/pp4pp/3p4/3B4/8/1QN3Pn/PP3q1P/R3R2K b - -;Qg1+;f2g1;f2g1;5;32000;16;OK;f2g1 e1g1
WAC.180;r1q2rk1/p3bppb/3p1n1p/2nPp3/1p2P1P1/6NP/PP2QPB1/R1BNK2R b KQ -;Nxd5;f6d5;c8d7;9;51;5003;FAIL;c8d7 e1g1 a8d8 c1d2 a7a5 a1c1
WAC.181;r3k2r/2p2p2/p2p1n2/1p2p3/4P2p/1PPPPp1q/1P5P/R1N2QRK b kq -;Ng4;f6g4;f6g4;14;663;5002;OK;f6g4 g1g2 f3g2 f1g2 h8g8 c1a2 h3e3 a1f1 h4h3 g2f3 g8g7 a2b4 e3f3 f1f3
WAC.182;r1b2rk1/ppqn1p1p/2n1p1p1/2b3N1/2N5/PP1BP3/1B3PPP/R2QK2R w KQ -;Qh5;d1h5;d1h5;13;1971;5002;OK;d1h5 h7h6
WAC.183;1r2k1r1/5p2/b3p3/1p2b1B1/3p3P/3B4/PP2KP2/2R3R1 w - -;Bf6;g5f6;g5f6;11;137;5002;OK;g5f6 g8g1 c1g1 e5d6 g1g8 e8d7 g8b8 d6b8 f6d4 b8f4 h4h5
WAC.184;4kn2/r4p1r/p3bQ2/q1nNP1Np/1p5P/8/PPP3P1/2KR3R w - -;Qe7+;f6e7;f6e7;3;32000;3;OK;f6e7 a7e7 d5f6
WAC.185;1r1rb1k1/2p3pp/p2q1p2/3PpP1Q/Pp1bP2N/1B5R/1P4PP/2B4K w - -;Qxh7+;h5h7;h5h7;15;471;5002;OK;h5h7 g8f8 h7h8 f8e7 h8g7 e8f7 h4g6 e7d7 g7f7 d7c8 h3h7 a6a5 h2h3 c7c5 b3c4
WAC.186;r5r1/p1q2p1k/1p1R2pB/3pP3/6bQ/2p5/P1P1NPPP/6K1 w - -;Bf8+;h6f8;h6f8;5;32000;8;OK;h6f8 g4h5
WAC.187;6k1/5p2/p3p3/1p3qp1/2p1Qn2/2P1R3/PP1r1PPP/4R1K1 b - -;Nh3+;f4h3;f4h3;14;618;5003;OK;f4h3 e3h3 f5e4 h3e3 e4f5 e3f3 f5d5 f3g3 d2e2 e1f1 e2b2 h2h4 f7f6 h4g5
WAC.188;3RNbk1/pp3p2/4rQpp/8/1qr5/7P/P4P2/3R2K1 w - -;Qg7+;f6g7;f6g7;3;32000;2;OK;f6g7 f8g7 e8f6
WAC.189;3r1k2/1ppPR1n1/p2p1rP1/3P3p/4Rp1N/5K2/P1P2P2/8 w - -;Re8+;e7e8;e7e8;16;746;5002;OK;e7e8 d8e8 e4e8 g7e8 d7d8q c7c6 g6g7 f8g7 d8e8 c6d5 e8h5 d5d4 h4f5 g7g8 h5g5 g8f7
WAC.190;8/p2b2kp/1q1p2p1/1P1Pp3/4P3/3B2P1/P2Q3P/2Nn3K b - -;Bh3;d7h3;d7h3;15;613;5003;OK;d7h3 d2e2 d1f2 h1g1 f2e4 g1h1 e4f2 h1g1 f2g4 g1h1 g4f2
WAC.191;2r1Rn1k/1p1q2pp/p7/5p2/3P4/1B4P1/P1P1QP1P/6K1 w - -;Qc4;e2c4;e2c4;7;32000;6;OK;e2c4 d7e6
WAC.192;r3k3/ppp2Npp/4Bn2/2b5/1n1pp3/N4P2/PPP3qP/R2QKR2 b Qq -;Nd3+;b4d3;b4d3;13;807;5002;OK;b4d3 d1d3 e4d3 e1c1 c5a3 e6b3 d3d2 c1b1 a3c5 h2h4 a7a5 b3e6 a5a4
WAC.193;5bk1/p4ppp/Qp6/4B3/1P6/Pq2P1P1/2rr1P1P/R4RK1 b - -;Qxe3;b3e3;b3e3;13;956;5003;OK;b3e3 e5d4 e3d4
WAC.194;5rk1/ppq2ppp/2p5/4bN2/4P3/6Q1/PPP2PPP/3R2K1 w - -;Nh6+;f5h6;f5h6;15;526;5002;OK;f5h6 g8h8 g3e5 c7e5 h6f7 h8g8 f7e5 f8e8 f2f4 a7a5 d1d7 b7b5 g1f2 a5a4 f2e3
WAC.195;3r1rk1/1p3p2/p3pnnp/2p3p1/2P2q2/1P5P/PB2QPPN/3RR1K1 w - -;g3;g2g3;g2g3;12;223;5004;OK;g2g3 f4e4 d1d8 f8d8 h2g4 e4e2 g4f6 g8g7 e1e2 d8d1 g1g2 a6a5
WAC.196;rr4k1/p1pq2pp/Q1n1pn2/2bpp3/4P3/2PP1NN1/PP3PPP/R1B1K2R b KQ -;Nb4;c6b4;c6b4;11;103;5002;OK;c6b4 c3b4 c5b4 c1d2 b8b6 f3e5 d7e8
WAC.197;7k/1p4p1/7p/3P1n2/4Q3/2P2P2/PP3qRP/7K b - -;Qf1+;f2f1;f2f1;5;32000;3;OK;f2f1 g2g1
WAC.198;2br2k1/ppp2p1p/4p1p1/4P2q/2P1Bn2/2Q5/PP3P1P/4R1RK b - -;Rd3;d8d3;d8d3;13;422;4891;OK;d8d3 g1g6 h7g6 c3c1 f4h3 h1g2 h5g4 g2f1 d3d4 c1e3 d4c4 f2f3
WAC.199;r1br2k1/pp2nppp/2n5/1B1q4/Q7/4BN2/PP3PPP/2R2RK1 w - -;Bxc6,Rfd1;b5c6,f1d1;f1d1;11;376;5004;OK;f1d1 d5e6 b5c6 e7c6 a4c6 d8d1 c1d1 e6e7 c6a4 c8e6 e3a7
WAC.200;2rqrn1k/pb4pp/1p2pp2/n2P4/2P3N1/P2B2Q1/1B3PPP/2R1R1K1 w - -;Bxf6;b2f6;b2f6;11;260;5002;OK;b2f6 d8c7 d5d6 c7f7 f6c3 a5b3 g4e5 f7h5 d6d7 f8d7 e5d7
WAC.201;2b2r1k/4q2p/3p2pQ/2pBp3/8/6P1/1PP2P1P/R5K1 w - -;Ra7;a1a7;a1a7;12;1889;5003;OK;a1a7 f8f2
WAC.202;QR2rq1k/2p3p1/3p1pPp/8/4P3/8/P1r3PP/1R4K1 b - -;Rxa2;c2a2;c2a2;14;-18;5003;OK;c2a2 b8e8 a2a8 e8f8 a8f8 b1b7 f8c8 h2h4 h8g8 g1f2 g8f8 h4h5 f8e7 f2e3
WAC.203;r4rk1/5ppp/p3q1n1/2p2NQ1/4n3/P3P3/1B3PPP/1R3RK1 w - -;Qh6;g5h6;g5h6;7;32000;10;OK;g5h6 e6f6
WAC.204;r1b1qrk1/1p3ppp/p1p5/3Nb3/5N2/P7/1P4PQ/K1R1R3 w - -;Rxe5;e1e5;e1e5;12;-62;5001;OK;e1e5 e8e5 f4g6 e5d5 g6e7 g8h8 e7d5 c6d5 c1c7 b7b5 h2d6 c8e6
WAC.205;r3rnk1/1pq2bb1/p4p2/3p1Pp1/3B2P1/1NP4R/P1PQB3/2K4R w - -;Qxg5;d2g5;d2g5;13;492;5001;OK;d2g5 f7h5 d4f6 c7f7 e2f3 f8h7 g5g7 f7g7 f6g7 g8g7 g4h5 h7g5
WAC.206;1Qq5/2P1p1kp/3r1pp1/8/8/7P/p4PP1/2R3K1 b - -;Rc6;d6c6;d6c6;12;117;5002;OK;d6c6 c1a1 c8c7 b8c7 c6c7 a1a2 h7h5 a2a8 c7c1 g1h2
WAC.207;r1bq2kr/p1pp1ppp/1pn1p3/4P3/2Pb2Q1/BR6/P4PPP/3K1BNR w - -;Qxg7+;g4g7;g1f3;10;-250;5001;FAIL;g1f3 d4e5 f3e5 c6e5 g4g3 d7d6 d1c1 c8b7 f1d3 a8c8
WAC.208;3r1bk1/ppq3pp/2p5/2P2Q1B/8/1P4P1/P6P/5RK1 w - -;Bf7+;h5f7;h5f7;14;1061;5003;OK;h5f7 g8h8 f7e8 h7h5 f5f8 h8h7
WAC.209;4kb1r/2q2p2/r2p4/pppBn1B1/P6P/6Q1/1PP5/2KRR3 w k -;Rxe5+;e1e5;e1e5;12;866;5002;OK;e1e5 d6e5 g3e5 e8d7 e5f5 a6e6 d5e6 d7c6
WAC.210;3r1rk1/pp1q1ppp/3pn3/2pN4/5PP1/P5PQ/1PP1B3/1K1R4 w - -;Rh1;d1h1;d1h1;13;254;5001;OK;d1h1 f7f6 h3h7 g8f7 g4g5 f8g8 d5f6 d7c8 f6g8 d8g8 f4f5 e6c7 f5f6
WAC.211;r1bqrk2/pp1n1n1p/3p1p2/P1pP1P1Q/2PpP1NP/6R1/2PB4/4RBK1 w - -;Qxf7+;h5f7;h5f7;9;32000;58;OK;h5f7 f8f7
WAC.212;rn1qr2Q/pbppk1p1/1p2pb2/4N3/3P4/2N5/PPP3PP/R4RK1 w - -;Qxg7+;h8g7;h8g7;10;32000;276;OK;h8g7 e7d6
WAC.213;3r1r1k/1b4pp/ppn1p3/4Pp1R/Pn5P/3P4/4QP2/1qB1NKR1 w - -;Rxh7+;h5h7;e2b2;11;-519;5003;FAIL;e2b2 b1b2 c1b2 b4d3 e1d3 d8d3 h5g5 f8f7 g1g3 d3d1
WAC.214;r2r2k1/1p2qpp1/1np1p1p1/p3N3/2PPN3/bP5R/4QPPP/4R1K1 w - -;Ng5;e4g5;e4g5;12;284;5002;OK;e4g5 e7g5 h3h8 g8h8 e5f7 h8g8 f7g5 d8e8 e2g4 e6e5 e1e5
WAC.215;3r2k1/pb1q1pp1/1p2pb1p/8/3N4/P2QB3/1P3PPP/1Br1R1K1 w - -;Qh7+;d3h7;d3h7;8;32000;31;OK;d3h7 g8f8
WAC.216;r2qr1k1/1b1nbppp/p3pn2/1p1pN3/3P1B2/2PB1N2/PP2QPPP/R4RK1 w - -;Nxf7;e5f7;e5f7;11;184;5003;OK;e5f7 d8b6 f7g5 d7f8 a1e1 e7d8 f3e5 h7h6 g5f3 d8c7
WAC.217;r3kb1r/1pp3p1/p3bp1p/5q2/3QN3/1P6/PBP3P1/3RR1K1 w kq -;Qd7+;d4d7;d4d7;11;32000;1056;OK;d4d7 e6d7
WAC.218;6k1/pp5p/2p3q1/6BP/2nPr1Q1/8/PP3R1K/8 w - -;Bh6;g5h6;g5h6;13;32000;3209;OK;g5h6 e4e2
WAC.219;7k/p4q1p/1pb5/2p5/4B2Q/2P1B3/P6P/7K b - -;Qf1+;f7f1;f7f1;5;32000;3;OK;f7f1 e3g1
WAC.220;3rr1k1/ppp2ppp/8/5Q2/4n3/1B5R/PPP1qPP1/5RK1 b - -;Qxf1+;e2f1;e2f1;13;617;5001;OK;e2f1 g1h2 e4f6 h3d3 d8d3 c2d3 f1c1 b3a4 c7c6 b2b4 c1a3 a4b3
WAC.221;r3k3/P5bp/2N1bp2/4p3/2p5/6NP/1PP2PP1/3R2K1 w q -;Rd8+;d1d8;d1d8;13;421;5004;OK;d1d8 a8d8 c6d8 e6d5 d8e6 e8f7 e6g7 f7g7 g3f5 g7f7 f5d6 f7e6
WAC.222;2r1r2k/1q3ppp/p2Rp3/2p1P3/6QB/p3P3/bP3PPP/3R2K1 w - -;Bf6;h4f6;h4f6;12;1194;5002;OK;h4f6 g7f6 e5f6
WAC.223;r1bqk2r/pp3ppp/5n2/8/1b1npB2/2N5/PP1Q2PP/1K2RBNR w kq -;Nxe4;c3e4;c3e4;11;-52;5003;OK;c3e4 c8f5 d2b4 d8d5 f1d3 f6e4 g1f3 d4f3 d3b5 e8d8 g2f3
WAC.224;5rk1/p1q3pp/1p1r4/2p1pp1Q/1PPn1P2/3B3P/P2R2P1/3R2K1 b - -;Rh6,e4;d6h6,e5e4;d6h6;12;349;5003;OK;d6h6 h5g5 h6g6 g5h5 g6h6
WAC.225;4R3/4q1kp/6p1/1Q3b2/1P1b1P2/6KP/8/8 b - -;Qh4+;e7h4;e7h4;5;32000;4;OK;e7h4 g3f3
WAC.226;2b2rk1/p1p4p/2p1p1p1/br2N1Q1/1p2q3/8/PB3PPP/3R1RK1 w - -;Nf7;e5f7;e5f7;12;366;5001;OK;e5f7 e6e5 g5f6 h7h5 f7h6 g8h7 f6f8 c8e6 d1d8 g6g5 f8h8 h7g6
WAC.227;2k1rb1r/ppp3pp/2np1q2/5b2/2B2P2/2P1BQ2/PP1N1P1P/2KR3R b - -;d5;d6d5;d6d5;11;283;5002;OK;d6d5 e3d4 c6d4 c3d4 d5c4 d2c4 f6f7 d4d5 f5e4 f3g4 c8b8
WAC.228;r4rk1/1bq1bp1p/4p1p1/p2p4/3BnP2/1N1B3R/PPP3PP/R2Q2K1 w - -;Bxe4;d3e4;d3e4;11;189;5003;OK;d3e4 c7f4 e4d3 a5a4 d1d2 f4d2 b3d2 b7c6 a1d1 a4a3
WAC.229;8/8/8/1p5r/p1p1k1pN/P2pBpP1/1P1K1P2/8 b - -;Rxh4,b4;h5h4,b5b4;b5b4;15;361;5002;OK;b5b4 a3b4 h5h4 d2c3 h4h8 b4b5 h8c8 e3d2 c8b8 c3b4
WAC.230;2b5/1r6/2kBp1p1/p2pP1P1/2pP4/1pP3K1/1R3P2/8 b - -;Rb4;b7b4;a5a4;13;183;5003;FAIL;a5a4 d6a3 b7h7 b2b1 c8a6 b1g1 h7h8 g1e1 a6b5
WAC.231;r4rk1/1b1nqp1p/p5p1/1p2PQ2/2p5/5N2/PP3PPP/R1BR2K1 w - -;Bg5;c1g5;c1g5;12;80;5003;OK;c1g5 g6f5 g5e7 b7f3 g2f3 d7e5 e7f8 g8f8 g1g2 f8e7 g2g3 b5b4
WAC.232;1R2rq1k/2p3p1/Q2p1pPp/8/4P3/8/P1r3PP/1R4K1 w - -;Qb5,Rxe8;a6b5,b8e8;a6b5;15;496;4680;OK;a6b5 c2c1 g1f2 c1c2 f2e3 e8b8 b5b8 h8g8 b8b3 d6d5 b3c2 f8e8 b1b7 e8g6 b7c7
WAC.233;5rk1/p1p2r1p/2pp2p1/4p3/PPPnP3/3Pq1P1/1Q1R1R1P/4NK2 b - -;Nb3;d4b3;d4b3;14;610;5002;OK;d4b3 f1g2 b3d2 f2d2 e3e1 g2h3 f7f2 d2f2 f8f2 b2b3 e1f1 h3g4 f2h2
WAC.234;2kr1r2/p6p/5Pp1/2p5/1qp2Q1P/7R/PP6/1KR5 w - -;Rb3;h3b3;h3b3;12;154;5001;OK;h3b3 b4a5 b3b8 c8d7 b8d8 f8d8 f6f7 d7e7 c1f1 d8f8 f4e4 e7d6
WAC.235;5r2/1p1RRrk1/4Qq1p/1PP3p1/8/4B3/1b3P1P/6K1 w - -;Qxf7+,Rxf7+;e6f7,e7f7;e6e4;13;270;4705;FAIL;e6e4 f7e7 d7e7 f8f7 e7b7 f7b7 e4b7 g7g6 c5c6 f6f5 c6c7 f5g4 g1h1
WAC.236;1R6/p5pk/4p2p/4P3/8/2r3qP/P3R1b1/4Q1K1 b - -;Rc1;c3c1;c3c1;12;34;5003;OK;c3c1 e1c1 g2f3 g1f1 f3e2 f1e2 g3e5 c1e3 e5b8 e3e4 h7g8
WAC.237;r5k1/pQp2qpp/8/4pbN1/3P4/6P1/PPr4P/1K1R3R b - -;Rc1+;c2c1;c2c5;12;35;5003;FAIL;c2c5 b1a1 f7d5 b7d5 c5d5 d4e5 d5e5 h1e1 e5e1 d1e1 a8d8 e1e7
WAC.238;1k1r4/pp1r1pp1/4n1p1/2R5/2Pp1qP1/3P2QP/P4PB1/1R4K1 w - -;Bxb7;g2b7;g2b7;15;303;5001;OK;g2b7 d7b7 b1b7 b8b7 g3g2 d8d5 g2d5 b7b8 c5b5 b8c8 d5a8 c8d7 b5b7 e6c7
WAC.239;8/6k1/5pp1/Q6p/5P2/6PK/P4q1P/8 b - -;Qf1+;f2f1;f2f1;18;813;5002;OK;f2f1 h3h4 f1g2 h2h3 g2e4 a5c5 g6g5 c5g5 f6g5 h4g5 e4g6 g5h4 g6f5 a2a4 g7g6 g3g4 h5g4
WAC.240;2b4k/p1b2p2/2p2q2/3p1PNp/3P2R1/3B4/P1Q2PKP/4r3 w - -;Qxc6;c2c6;c2c6;14;744;5003;OK;c2c6 e1e6 f5e6 h5g4 c6e8 h8g7 e6e7 c8f5 d3f5 f6f5 e8f8
WAC.241;2rq1rk1/pp3ppp/2n2b2/4NR2/3P4/PB5Q/1P4PP/3R2K1 w - -;Qxh7+;h3h7;f5f6;11;374;5002;FAIL;f5f6 d8f6 e5f7 h7h5 f7d6 g8h7 d6c8 f6f2 g1h1 h5h4 d4d5
WAC.242;r1b1r1k1/pp1nqp2/2p1p1pp/8/4N3/P1Q1P3/1P3PPP/1BRR2K1 w - -;Rxd7;d1d7;d1d7;14;461;5002;OK;d1d7 c8d7 e4f6 g8f8 f6d5 e6e5 d5e7 e8e7 f2f4 a8e8 f4e5 e7e5 c3b4 f8g7
WAC.243;1r3r1k/3p4/1p1Nn1R1/4Pp1q/pP3P1p/P7/5Q1P/6RK w - -;Qe2;f2e2;f2e2;11;80;5002;OK;f2e2 h5h7 e2e3 h7h5 e3e2
WAC.244;r6r/pp3ppp/3k1b2/2pb4/B4Pq1/2P1Q3/P5PP/1RBR2K1 w - -;Qxc5+;e3c5;e3c5;8;32000;39;OK;e3c5 d6e6
WAC.245;4rrn1/ppq3bk/3pPnpp/2p5/2PB4/2NQ1RPB/PP5P/5R1K w - -;Qxg6+;d3g6;c3d5;11;153;4564;FAIL;c3d5 f6d5 d4g7 f8f3 d3f3 c7g7 f3d5 g8f6 d5d6 f6e4 d6d7
WAC.246;6R1/4qp1p/ppr1n1pk/8/1P2P1QP/6N1/P4PP1/6K1 w - -;Qh5+;g4h5;g4h5;3;32000;3;OK;g4h5 g6h5 g3f5
WAC.247;2k1r3/1p2Bq2/p2Qp3/Pb1p1p1P/2pP1P2/2P5/2P2KP1/1R6 w - -;Rxb5;b1b5;b1b5;16;567;4530;OK;b1b5 a6b5 a5a6 f7e7 d6e7 e8e7 a6a7 e7d7 a7a8q c8c7 a8g8 c7d6 g8f8 d6c7 f8c5 c7b8
WAC.248;5r1k/1p4pp/3q4/3Pp1R1/8/8/PP4PP/4Q1K1 b - -;Qc5+;d6c5;d6c5;12;42;5003;OK;d6c5 g1h1 c5c4 h1g1 c4d4 g1h1 d4e4 e1d1 e4d5 d1e1 d5d3
WAC.249;r4rk1/pbq2pp1/1ppbpn1p/8/2PP4/1P1Q1N2/PBB2PPP/R3R1K1 w - -;c5,d5;c4c5,d4d5;c4c5;10;101;5002;OK;c4c5 d6e7 d4d5 f8d8 d5d6 c7c8 b2f6 e7f6 d3h7 g8f8
WAC.250;1b5k/7P/p1p2np1/2P2p2/PP3P2/4RQ1R/q2r3P/6K1 w - -;Re8+;e3e8;e3e1;12;18;5002;FAIL;e3e1 a2b2 f3c6 d2d8 c6a6 b2d4 g1h1 b8f4 a6e6 f6g4 e1f1
WAC.251;k7/p4p2/P1q1b1p1/3p3p/3Q4/7P/5PP1/1R4K1 w - -;Qe5,Qf4;d4e5,d4f4;d4f4;12;32000;449;OK;d4f4 c6b5
WAC.252;1rb1r1k1/p1p2ppp/5n2/2pP4/5P2/2QB4/qNP3PP/2KRB2R b - -;Re2;e8e2;e8e2;11;32000;1232;OK;e8e2 c3a3
WAC.253;k5r1/p4b2/2P5/5p2/3P1P2/4QBrq/P5P1/4R1K1 w - -;Qe8+;e3e8;e3e8;7;32000;7;OK;e3e8 g8e8
WAC.254;r6k/pp3p1p/2p1bp1q/b3p3/4Pnr1/2PP2NP/PP1Q1PPN/R2B2RK b - -;Nxh3;f4h3;f4h3;12;326;5002;OK;f4h3 g2h3 h6d2 d1g4 a5b6 g4e6 f7e6 h2g4 d2b2 h1g2 b2c3
WAC.255;3r3r/p4pk1/5Rp1/3q4/1p1P2RQ/5N2/P1P4P/2b4K w - -;Rfxg6+;f6g6;f6g6;16;351;5002;OK;f6g6 f7g6 h4e7 d5f7 g4g6 g7g6 f3e5 g6f5 e5f7 h8e8 e7c5 f5g4 f7d8 e8d8 c5b4 c1f4
WAC.256;3r1rk1/1pb1qp1p/2p3p1/p7/P2Np2R/1P5P/1BP2PP1/3Q1BK1 w - -;Nf5;d4f5;d4f5;11;217;5002;OK;d4f5 e7g5 d1c1
WAC.257;4r1k1/pq3p1p/2p1r1p1/2Q1p3/3nN1P1/1P6/P1P2P1P/3RR1K1 w - -;Rxd4;d1d4;d1d4;12;356;5002;OK;d1d4 b7c7 d4d3 h7h6 e1d1 c7b6 d3d7 b6c5 e4c5 e6e7 g1g2 g8g7
WAC.258;r3brkn/1p5p/2p2Ppq/2Pp3B/3Pp2Q/4P1R1/6PP/5R1K w - -;Bxg6;h5g6;h5g6;14;37;5002;OK;h5g6 h6g6 h1g1 a8a2 g3g6 h7g6 h4g5 a2b2 h2h4 b2e2
WAC.259;r1bq1rk1/ppp2ppp/2np4/2bN1PN1/2B1P3/3p4/PPP2nPP/R1BQ1K1R w - -;Qh5;d1h5;d1h5;11;-108;5002;OK;d1h5 h7h6 g5f7 f8f7 d5e3 f2h1 c4f7 g8h8 c2d3
WAC.260;2r2b1r/p1Nk2pp/3p1p2/N2Qn3/4P3/q6P/P4PP1/1R3K1R w - -;Qe6+;d5e6;d5e6;11;32000;781;OK;d5e6 d7d8
WAC.261;r5k1/1bp3pp/p2p4/1p6/5p2/1PBP1nqP/1PP3Q1/R4R1K b - -;Nd4;f3d4;f3d4;15;916;5002;OK;f3d4 f1f2 b7g2 f2g2
WAC.262;6k1/p1B1b2p/2b3r1/2p5/4p3/1PP1N1Pq/P2R1P2/3Q2K1 b - -;Rh6;g6h6;g6h6;12;52;5003;OK;g6h6 d1g4 h3g4 e3g4 h6h1 g1h1 e4e3 h1h2 e3d2 g4e3 c6f3 c7b8
WAC.263;rnbqr2k/pppp1Qpp/8/b2NN3/2B1n3/8/PPPP1PPP/R1B1K2R w KQ -;Qg8+;f7g8;f7g8;8;32000;85;OK;f7g8 h8g8
WAC.264;r2r2k1/1R2qp2/p5pp/2P5/b1PN1b2/P7/1Q3PPP/1B1R2K1 b - -;Rab8;a8b8;a8b8;11;196;5002;OK;a8b8 b7e7 b8b2 d1e1 d8d4
WAC.265;2r1k2r/2pn1pp1/1p3n1p/p3PP2/4q2B/P1P5/2Q1N1PP/R4RK1 w k -;exf6;e5f6;c2e4;11;19;5002;FAIL;c2e4 f6e4 e5e6 d7c5 e2d4 e4c3 e6e7 c5e4 f1e1 a5a4
WAC.266;r3q2r/2p1k1p1/p5p1/1p2Nb2/1P2nB2/P7/2PNQbPP/R2R3K b - -;Rxh2+;h8h2;h8h2;12;32000;4427;OK;h8h2 h1h2
WAC.267;2r1kb1r/pp3ppp/2n1b3/1q1N2B1/1P2Q3/8/P4PPP/3RK1NR w Kk -;Nc7+;d5c7;d5c7;9;32000;31;OK;d5c7 c8c7
WAC.268;2r3kr/ppp2n1p/7B/5q1N/1bp5/2Pp4/PP2RPPP/R2Q2K1 w - -;Re8+;e2e8;e2e8;15;1285;5003;OK;e2e8 c8e8
WAC.269;2kr2nr/pp1n1ppp/2p1p3/q7/1b1P1B2/P1N2Q1P/1PP1BPP1/R3K2R w KQ -;axb4;a3b4;f4d2;10;79;5002;FAIL;f4d2 g8f6 f3g3 g7g6 e1c1 b4e7 c3b5 a5b6 b5d6 e7d6
WAC.270;2r1r1k1/pp1q1ppp/3p1b2/3P4/3Q4/5N2/PP2RPPP/4R1K1 w - -;Qg4;d4g4;d4g4;13;187;5001;OK;d4g4 d7b5 g4c4 b5d7 c4c7 d7b5 c7c4
WAC.271;2kr4/ppp3Pp/4RP1B/2r5/5P2/1P6/P2p4/3K4 w - -;Rd6;e6d6;e6d6;14;191;5003;OK;e6d6 d8d6 g7g8q d6d8 g8d8 c8d8 f6f7 c5f5 f7f8r f5f8 h6f8 d8d7 f8h6 d7e6
WAC.272;nrq4r/2k1p3/1p1pPnp1/pRpP1p2/P1P2P2/2P1BB2/1R2Q1P1/6K1 w - -;Bxc5;e3c5;e3c5;11;310;5003;OK;e3c5 c8f8 c5d4 f8h6 g2g3 h6h3 e2f2 f6g4 f2g2 h3g2 b2g2
WAC.273;2k4B/bpp1qp2/p1b5/7p/1PN1n1p1/2Pr4/P5PP/R3QR1K b - -;Ng3+;e4g3;e4g3;13;629;5003;OK;e4g3 e1g3 d3g3 h2g3 e7e4 f1g1 a7g1 a1g1 e4c4 a2a3 c4a2 h8e5
WAC.274;8/1p6/p5R1/k7/Prpp4/K7/1NP5/8 w - -;Rb6;g6b6;g6b6;17;278;5002;OK;g6b6 a5b6 a3b4 c4c3 b2d3 b6c6 b4c4 c6b6 c4b4
WAC.275;r1b2rk1/1p1n1ppp/p1p2q2/4p3/P1B1Pn2/1QN2N2/1P3PPP/3R1RK1 b - -;Nxg2,b5;f4g2,b7b5;b7b5;11;162;5002;OK;b7b5 a4b5 a6b5 c4e2 f6g6 g2g3
WAC.276;r5k1/pp1RR1pp/1b6/6r1/2p5/B6P/P4qPK/3Q4 w - -;Qd5+;d1d5;d1d5;15;988;5002;OK;d1d5 g8h8 d7d8 f2f8 d8f8 a8f8 d5g5 b6d4 g5d5 d4f6 e7b7 f8d8 d5c4 f6e5 h2g1
WAC.277;1r4r1/p2kb2p/bq2p3/3p1p2/5P2/2BB3Q/PP4PP/3RKR2 b - -;Rg3,Rxg2;g8g3,g8g2;g8g2;11;76;5003;OK;g8g2 h3g2 b6e3 g2e2
WAC.278;r2qkb1r/pppb2pp/2np1n2/5pN1/2BQP3/2N5/PPP2PPP/R1B1K2R w KQkq -;Bf7+;c4f7;c4f7;9;32000;168;OK;c4f7 e8e7
WAC.279;r7/4b3/2p1r1k1/1p1pPp1q/1P1P1P1p/PR2NRpP/2Q3K1/8 w - -;Nxf5;e3f5;e3f5;13;205;5003;OK;e3f5 g6f7 f5e7 e6e7 c2c6 a8d8 f4f5 h5g5 e5e6 f7g8 b3d3 e7e8 c6b5
WAC.280;r1r2bk1/5p1p/pn4p1/N2b4/3Pp3/B3P3/2q1BPPP/RQ3RK1 b - -;Bxa3;f8a3;f8a3;11;63;5002;OK;f8a3 a1a3 c2e2 b1b6 c8c2 a3a1 e2b5 b6f6 d5a2 f6e5
WAC.281;2R5/2R4p/5p1k/6n1/8/1P2QPPq/r7/6K1 w - -;Rxh7+;c7h7;c7h7;17;636;5003;OK;c7h7 h6h7 e3e7 h7g6 c8g8 g6f5 g8g5 f5g5 e7g7
WAC.282;6k1/2p3p1/1p1p1nN1/1B1P4/4PK2/8/2r3b1/7R w - -;Rh8+;h1h8;h1h8;10;32000;70;OK;h1h8 g8f7
WAC.283;3q1rk1/4bp1p/1n2P2Q/3p1p2/6r1/Pp2R2N/1B4PP/7K w - -;Ng5;h3g5;h3g5;8;32000;184;OK;h3g5 g4g2
WAC.284;3r3k/pp4pp/8/1P6/3N4/Pn2P1qb/1B1Q2B1/2R3K1 w - -;Nf5;d4f5;d4f5;13;360;5003;OK;d4f5 b3d2 f5g3 h3g4 c1c7 d2f3 g2f3 g4f3 b2g7 h8g8 g1f2 f3d5 g3f5
WAC.285;2rr3k/1b2bppP/p2p1n2/R7/3P4/1qB2P2/1P4Q1/1K5R w - -;Qxg7+;g2g7;g2g7;7;32000;40;OK;g2g7 h8g7
WAC.286;3r1k2/1p6/p4P2/2pP2Qb/8/1P1KB3/P6r/8 b - -;Rxd5+;d8d5;d8d5;15;218;5003;OK;d8d5 g5d5 h5g6 d5e4 g6e4 d3e4 b7b6 a2a4 f8f7 e4f5 h2h3 e3f4 h3b3 f4e5
WAC.287;rn3k1r/pp2bBpp/2p2n2/q5N1/3P4/1P6/P1P3PP/R1BQ1RK1 w - -;Qh5;d1h5;d1h5;11;360;5001;OK;d1h5 e7c5 g5e6 f8e7 c1g5 h8f8 d4c5 f8f7 a1e1 b8d7 h5h7
WAC.288;r1b2rk1/p4ppp/1p1Qp3/4P2N/1P6/8/P3qPPP/3R1RK1 w - -;Nf6+;h5f6;h5f6;14;462;5002;OK;h5f6 g7f6 e5f6 e2f1 d1f1 e6e5 d6e5 g8h8 a2a4 c8b7 a4a5 a8d8 e5e7
WAC.289;2r3k1/5p1p/p3q1p1/2n3P1/1p1QP2P/1P4N1/PK6/2R5 b - -;Qe5;e6e5;e6e5;15;436;5003;OK;e6e5 c1d1 e5g3 e4e5 a6a5 b2b1 g3f3 b1b2 c5e6 d4d3 f3f2 d3d2 f2h4 d2d7 h4f2 b2b1
WAC.290;2k2r2/2p5/1pq5/p1p1n3/P1P2n1B/1R4Pp/2QR4/6K1 b - -;Ne2+;f4e2;f4e2;8;32000;36;OK;f4e2 d2e2
WAC.291;5r1k/3b2p1/p6p/1pRpR3/1P1P2q1/P4pP1/5QnP/1B4K1 w - -;h3;h2h3;g1h1;11;138;5003;FAIL;g1h1 d7e6 b1a2 e6g8 a2d5 g8d5 c5d5 f8c8 f2d2 g4h3
WAC.292;4r3/1Q1qk2p/p4pp1/3Pb3/P7/6PP/5P2/4R1K1 w - -;d6+;d5d6;d5d6;15;221;5002;OK;d5d6 e7e6 b7b3 e6f5 b3d3 f5g5 d3e3 g5f5 e3e4 f5e6 e4b7
WAC.293;1nbq1r1k/3rbp1p/p1p1pp1Q/1p6/P1pPN3/5NP1/1P2PPBP/R4RK1 w - -;Nfg5;f3g5;a4b5;9;59;5003;FAIL;a4b5 c6b5 e2e3 c8b7 e4c5 e7c5 d4c5 d7d3 a1e1
WAC.294;3r3k/1r3p1p/p1pB1p2/8/p1qNP1Q1/P6P/1P4P1/3R3K w - -;Bf8,Nf5,Qf4;d6f8,d4f5,g4f4;d6f8;12;802;5003;OK;d6f8 d8f8 d4f5 c4f1 d1f1 f8g8 g4e2 g8g6 f1d1 c6c5 d1d8 g6g8
WAC.295;4r3/p4r1p/R1p2pp1/1p1bk3/4pNPP/2P1K3/2P2P2/3R4 w - -;Rxd5+;d1d5;d1d5;5;32000;4;OK;d1d5 c6d5
WAC.296;3r4/1p2k2p/p1b1p1p1/4Q1Pn/2B3KP/4pP2/PP2R1N1/6q1 b - -;Rd4+,Rf8;d8d4,d8f8;d8d4;13;569;5002;OK;d8d4 e5d4 g1h2
WAC.297;3r1rk1/p3qp1p/2bb2p1/2p5/3P4/1P6/PBQN1PPP/2R2RK1 b - -;Bxg2,Bxh2+;c6g2,d6h2;f8e8;9;-14;5003;FAIL;f8e8 c2d1 e7h4 h2h3 h4f4 g2g3 f4h6 h3h4 a7a5
WAC.298;3Q4/p3b1k1/2p2rPp/2q5/4B3/P2P4/7P/6RK w - -;Qh8+;d8h8;d8h8;8;32000;39;OK;d8h8 g7h8
WAC.299;1n2rr2/1pk3pp/pNn2p2/2N1p3/8/6P1/PP2PPKP/2RR4 w - -;Nca4;c5a4;c5a4;15;923;5003;OK;c5a4 b8d7 d1d7 c7b8 c1c6 e8d8 a4c5 d8d7 b6d7 b8a8 c6c7 f8h8
WAC.300;b2b1r1k/3R1ppp/4qP2/4p1PQ/4P3/5B2/4N1K1/8 w - -;g6;g5g6;g5g6;13;310;5002;OK;g5g6 h7h6 h5h6 g7h6 g6g7 h8g8 g7f8r g8f8 d7d8 e6e8 d8e8 f8e8 g2g3
